BEGIN TRANSACTION;
DROP TABLE IF EXISTS PELATHS;
CREATE TABLE PELATHS (
	id_pelath integer NOT NULL,
	firstname string,
	lastname string,
	thlefwno string,
	PRIMARY KEY("id_pelath")
);
---Είσοδος δεδομένων πίνακα PELATHS---
insert into PELATHS (id_pelath,firstname,lastname,thlefwno)
values
(1,"ΔΗΜΗΤΡΙΟΣ" ,"ΚΟΤΣΙΝΗΣ","6900000000"),
(2,"ΕΛΕΝΑ","ΚΑΡΡΑ","6900000001"),
(3,"ΓΙΩΡΓΟΣ","ΠΑΠΑΒΑΣΙΛΕΙΟΥ","6900000002"),
(4,"ΚΩΣΤΑΣ","ΝΙΚΟΥ","6900000003"),
(5,"ΑΛΙΚΗ" ,"ΒΟΥΓΙΟΥΚΛΑΚΗ","6900000004"),
(6,"ΤΖΕΝΗ" ,"ΚΑΡΕΖΗ","6900000005"),
(7,"ΘΑΝΑΣΗΣ" ,"ΡΟΥΒΑΣ","6900000006"),
(8,"ΝΙΚΟΣ" ,"ΓΕΩΡΓΙΟΥ","6900000007"),
(9,"ΚΑΤΕΡΙΝΑ","ΛΕΧΟΥ","6900000008"),
(10,"ΓΙΩΡΓΟΣ" ,"ΠΑΠΑΔΟΠΟΥΛΟΣ","6900000009"),
(11,"ΒΑΓΓΕΛΗΣ","ΛΑΖΟΠΟΥΛΟΣ","6900000010"),
(12,"ΓΕΡΑΣΙΜΟΣ","ΠΑΠΑΓΙΑΝΟΠΟΥΛΟΣ","6900000011"),
(13,"ΤΟΝΗ","ΣΦΗΝΟΣ","6900000012"),
(14,"ΜΑΡΙΑ","ΚΑΡΑΓΙΑΝΝΗ","6900000013"),
(15,"ΖΩΗ","ΛΑΣΚΑΡΗ","6900000014"),
(16,"ΕΥΤΕΡΠΗ","ΚΥΡΙΑΖΗ","6900000015"),
(17,"ΚΩΣΤΑΣ" ,"ΝΑΝΟΣ","6900000016"),
(18,"ΓΙΩΡΓΟΣ" ,"ΖΑΜΠΕΤΑΣ","6900000017"),
(19,"ΠΑΥΛΟΣ","ΖΩΝΙΟΣ","6900000018"),
(20,"ΝΤΑΛΙΑ","ΧΑΤΖΗΑΛΕΞΑΝΔΡΟΥ","6900000019"),
(21,"ΑΓΝΩΣΤΟΣ","ΑΓΝΩΣΤΟΥ","1000000000"),
(22,"ΣΩΤΗΡΗΣ","ΛΑΓΟΣ","6912586541"),
(23,"ΜΑΝΩΛΗΣ","ΑΝΑΓΝΩΣΤΟΥ","6987452121"),
(24,"ΚΩΣΤΑΣ","ΡΟΥΛΗΣ","6958471425"),
(25,"ΑΝΑΣΤΑΣΗΣ","ΠΕΛΩΠΙΔΑΣ","6925143647");
DROP TABLE IF EXISTS TRAPEZI;
CREATE TABLE TRAPEZI (
	id_trapezi integer NOT NULL,
	id_topothesia integer,
	xwritikothta integer,
	PRIMARY KEY("id_trapezi")
);
-- Είσοδος δεδομένων πίνακα TRAPEZI
insert into TRAPEZI (id_trapezi,xwritikothta,id_topothesia)
values
(1,2,1),
(2,2,2),
(3,2,3),
(4,2,4),
(5,4,1),
(6,4,2),
(7,4,3),
(8,4,4),
(9,4,1),
(10,4,2),
(11,4,3),
(12,4,4),
(13,6,1),
(14,6,2),
(15,6,3),
(16,6,4),
(17,6,1),
(18,6,2),
(19,6,3),
(20,6,4),
(21,8,1),
(22,8,2),
(23,8,3),
(24,8,4);

DROP TABLE IF EXISTS KRATISI;
CREATE TABLE KRATISI (
	date_kratisi date NOT NULL,
	wra_kratisi time NOT NULL,
	wra_kratisi_end time NOT NULL,
	id_pelath integer,
	id_trapezi integer,
	atoma integer,
	akirwsi boolean,
	PRIMARY KEY("date_kratisi", "wra_kratisi", "wra_kratisi_end", "id_trapezi")
);
-- Είσοδος δεδομένων πίνακα KRATISI
insert into KRATISI(date_kratisi,wra_kratisi,wra_kratisi_end,id_pelath,id_trapezi,atoma,akirwsi)
values
("2021-12-08","20:00:00","22:00:00",1,1,2,0),
("2021-12-08","20:00:00","22:00:00",2,3,2,0),
("2021-12-08","20:00:00","22:00:00",3,5,3,1),
("2021-12-08","20:00:00","22:00:00",4,7,3,0),
("2021-12-08","21:00:00","23:00:00",5,9,4,0),
("2021-12-08","21:00:00","23:00:00",6,11,4,0),
("2021-12-08","21:00:00","23:00:00",7,13,5,0),
("2021-12-08","21:00:00","23:00:00",8,15,5,1),
("2021-12-08","22:00:00","24:00:00",9,15,5,0),
("2021-12-08","22:00:00","24:00:00",10,19,6,0),
("2021-12-09","20:00:00","22:00:00",3,4,2,0),
("2021-12-09","20:00:00","22:00:00",12,5,3,0),
("2021-12-09","20:00:00","22:00:00",13,6,4,0),
("2021-12-09","20:00:00","22:00:00",14,7,3,0),
("2021-12-09","21:00:00","23:00:00",15,8,4,0),
("2021-12-09","21:00:00","23:00:00",16,13,5,0),
("2021-12-09","21:00:00","23:00:00",17,2,1,0),
("2021-12-09","21:00:00","23:00:00",18,22,7,0),
("2021-12-09","22:00:00","24:00:00",19,23,8,1),
("2021-12-09","22:00:00","24:00:00",20,1,2,0),
("2022-01-07","18:00:00","20:00:00",5,1,2,0),
("2022-01-07","18:30:00","20:30:00",22,6,4,0),
("2022-01-07","18:30:00","20:30:00",23,15,5,1),
("2022-01-07","18:45:00","20:45:00",23,7,3,0),
("2022-01-07","20:00:00","22:00:00",14,8,4,0),
("2022-01-07","20:30:00","22:30:00",24,1,2,0),
("2022-01-07","21:00:00","23:00:00",9,22,7,1),
("2022-01-07","21:15:00","23:15:00",25,4,1,0),
("2022-01-07","21:45:00","23:45:00",13,5,3,1),
("2022-01-07","22:00:00","24:00:00",8,15,5,1),
("2022-01-07","19:00:00","21:00:00",21,13,5,0),
("2022-01-07","19:30:00","21:30:00",21,12,4,0),
("2022-01-07","20:45:00","22:45:00",21,9,3,0);

DROP TABLE IF EXISTS PIATO;
CREATE TABLE PIATO (
	id_piato integer NOT NULL,
	id_katigorias integer,
	id_eidous integer,
	onoma string,
	timh float,
	time_paraskeuis float,
	PRIMARY KEY("id_piato")
);
--Είσοδος δεδομένων πίνακα PIATO
insert into PIATO(id_piato,id_katigorias,id_eidous,onoma,timh,time_paraskeuis)
values
(1,1,1,"ΣΑΛΑΤΑ ΧΩΡΙΑΤΙΚΗ",8,0.5),
(2,1,1,"ΣΑΛΑΤΑ ΤΟΥ ΚΑΙΣΑΡΑ",9,0.5),
(3,1,1,"BABY ROCA & ΣΠΑΝΑΚΙ",9.5,0.5),
(4,1,1,"ΠΡΑΣΙΝΗ ΣΑΛΑΤΑ",9,0.5),
(5,1,1,"ΣΑΛΑΤΑ ΜΕ ΚΟΤΟΠΟΥΛΟ",10,0.5),
(6,2,1,"ΡΙΖΟΤΟ ΛΑΧΑΝΙΚΩΝ",10,0.5),
(7,2,1,"ΚΟΤΟΠΟΥΛΟ ΜΕ ΛΕΥΚΗ ΣΑΛΤΣΑ",9,0.5),
(8,2,1,"ΧΟΙΡΙΝΗ ΜΠΡΙΖΟΛΑ",8,0.5),
(9,2,1,"ΜΟΣΧΑΡΙΣΙΑ ΜΠΡΙΖΟΛΑ",10,0.5),
(10,2,1,"ΦΙΛΕΤΟ ΣΟΛΩΜΟΥ ΣΤΟΝ ΦΟΥΡΝΟ",12,0.5),
(11,2,1,"ΠΟΙΚΙΛΙΑ ΚΡΕΑΤΙΩΝ 2 ΑΤΟΜΩΝ",15,0.5),
(12,2,1,"ΠΟΙΚΙΛΙΑ ΘΑΛΑΣΣΙΝΩΝ 2 ΑΤΟΜΩΝ",16,0.5),
(13,2,1,"ΜΑΚΑΡΟΝΙΑ ΜΙΑ ΣΑΛΤΣΑ ΤΡΟΥΦΑΣ",12,0.5),
(14,3,1,"CHEESECAKE",5,0.5),
(15,3,1,"ΚΟΡΜΟΣ ΣΟΚΟΛΑΤΑΣ",3.5,0.5),
(16,3,1,"BLACK FOREST",5,0.5),
(17,3,1,"ΣΟΥΦΛΕ ΣΟΚΟΛΑΤΑΣ",3.5,0.5),
(18,3,1,"ΣΟΥΦΛΕ ΣΟΚΟΛΑΤΑΣ ΜΕ ΠΑΓΩΤΟ",5,0.5),
(19,0,1,"SOL 330 ml",4,0.5),
(20,0,1,"AMSTEL DARK",4,0.5),
(21,0,1,"ΜΑΜΟΣ",4,0.5),
(22,0,1,"ΝΕΡΟ 500ml",2,0.5),
(23,0,1,"COCA COLA 330 ml",2.5,0.5),
(24,0,1,"ΚΡΑΣΙ ΛΕΥΚΟ 750ml",9,0.5),
(25,0,1,"ΚΡΑΣΙ ΛΕΥΚΟ ΠΟΤΗΡΙ",4,0.5),
(26,0,1,"ΚΡΑΣΙ ΚΟΚΚΙΝΟ 750ml",9,0.5),
(27,0,1,"ΚΡΑΣΙ ΚΟΚΚΙΝΟ ΠΟΤΗΡΙ",4,0.5);

DROP TABLE IF EXISTS PARAGGELIA;
CREATE TABLE PARAGGELIA (
	date_kratisi date,
	wra_kratisi time,
	wra_kratisi_end time,
	id_trapezi integer,
	id_ergazomenou integer,
	id_paraggelias integer NOT NULL,
	axia float,
	sxolia text,
	time_paraggelias time,
	tropos_plirwmis string,
	PRIMARY KEY("id_paraggelias")
);
--Είσοδος δεδομένων πίνακα PARAGGELIA
insert into PARAGGELIA (date_kratisi,wra_kratisi,wra_kratisi_end,id_trapezi,id_ergazomenou,id_paraggelias,axia,sxolia,time_paraggelias,tropos_plirwmis)
values
("2021-12-08","20:00:00","22:00:00",1,"12129900200",1,41.5,NULL,"20:00:00","ΚΑΡΤΑ"),
("2021-12-08","20:00:00","22:00:00",3,"12129700200",2,52.5,NULL,"20:00:00","ΜΕΤΡΗΤΑ"),
("2021-12-08","20:00:00","22:00:00",7,"12128900201",3,71,NULL,"20:00:00","ΚΑΡΤΑ"),
("2021-12-08","21:00:00","23:00:00",9,"12129900200",4,65,NULL,"21:00:00","ΜΕΤΡΗΤΑ"),
("2021-12-08","21:00:00","23:00:00",11,"12129700200",5,83.5,NULL,"21:00:00","ΚΑΡΤΑ"),
("2021-12-08","21:00:00","23:00:00",13,"12128900201",6,94,NULL,"21:00:00","ΜΕΤΡΗΤΑ"),
("2021-12-08","21:00:00","23:00:00",11,"12129900200",7,18,NULL,"21:30:00","ΚΑΡΤΑ"),
("2021-12-08","21:00:00","23:00:00",13,"12129700200",8,10.5,NULL,"21:30:00","ΜΕΤΡΗΤΑ"),
("2021-12-08","22:00:00","24:00:00",15,"12128900201",9,85,NULL,"22:00:00","ΚΑΡΤΑ"),
("2021-12-08","22:00:00","24:00:00",19,"12129900200",10,84.5,NULL,"22:00:00","ΜΕΤΡΗΤΑ"),
("2021-12-09","20:00:00","22:00:00",4,"12129700200",11,42,NULL,"20:00:00","ΚΑΡΤΑ"),
("2021-12-09","20:00:00","22:00:00",5,"12128900201",12,60.5,NULL,"20:00:00","ΜΕΤΡΗΤΑ"),
("2021-12-09","20:00:00","22:00:00",6,"12129900200",13,60.5,NULL,"20:00:00","ΚΑΡΤΑ"),
("2021-12-09","20:00:00","22:00:00",7,"12129700200",14,51,NULL,"20:00:00","ΜΕΤΡΗΤΑ"),
("2021-12-09","20:00:00","22:00:00",5,"12128900201",15,14,NULL,"21:00:00","ΚΑΡΤΑ"),
("2021-12-09","20:00:00","22:00:00",7,"12129900200",16,12,NULL,"21:00:00","ΜΕΤΡΗΤΑ"),
("2021-12-09","21:00:00","23:00:00",8,"12129700200",17,76,NULL,"21:00:00","ΚΑΡΤΑ"),
("2021-12-09","21:00:00","23:00:00",13,"12128900201",18,82.5,NULL,"21:00:00","ΜΕΤΡΗΤΑ"),
("2021-12-09","21:00:00","23:00:00",2,"12129900200",19,27,NULL,"21:00:00","ΚΑΡΤΑ"),
("2021-12-09","21:00:00","23:00:00",22,"12129700200",20,99.5,NULL,"21:00:00","ΜΕΤΡΗΤΑ"),
("2021-12-09","21:00:00","23:00:00",13,"12128900201",21,24,NULL,"21:00:00","ΚΑΡΤΑ"),
("2021-12-09","22:00:00","24:00:00",1,"12129900200",22,37,NULL,"22:00:00","ΜΕΤΡΗΤΑ"),
("2021-12-09","21:00:00","23:00:00",22,"12129700200",23,36,NULL,"22:00:00","ΚΑΡΤΑ"),
("2022-01-07","18:00:00","20:00:00",1,"12128900201",24,42.5,NULL,"18:15:00","ΜΕΤΡΗΤΑ"),
("2022-01-07","18:30:00","20:30:00",6,"12129900200",25,74,NULL,"18:45:00","ΚΑΡΤΑ"),
("2022-01-07","18:00:00","20:00:00",1,"12129700200",26,10,NULL,"18:50:00","ΜΕΤΡΗΤΑ"),
("2022-01-07","18:45:00","20:45:00",7,"12128900201",27,63,NULL,"18:50:00","ΚΑΡΤΑ"),
("2022-01-07","19:00:00","21:00:00",13,"12129900200",28,91.5,NULL,"19:15:00","ΜΕΤΡΗΤΑ"),
("2022-01-07","19:00:00","21:00:00",13,"12129700200",29,123.5,NULL,"19:15:00","ΚΑΡΤΑ"),
("2022-01-07","19:00:00","21:00:00",13,"12128900201",30,20,NULL,"19:15:00","ΜΕΤΡΗΤΑ"),
("2022-01-07","19:30:00","21:30:00",12,"12129900200",31,104,NULL,"20:15:00","ΚΑΡΤΑ"),
("2022-01-07","20:00:00","22:00:00",8,"12129700200",32,86,NULL,"20:15:00","ΜΕΤΡΗΤΑ"),
("2022-01-07","19:30:00","21:30:00",12,"12128900201",33,88,NULL,"20:45:00","ΚΑΡΤΑ"),
("2022-01-07","20:30:00","22:30:00",1,"12129900200",34,36,NULL,"21:30:00","ΜΕΤΡΗΤΑ"),
("2022-01-07","21:15:00","23:15:00",4,"12129700200",35,29,NULL,"21:30:00","ΚΑΡΤΑ"),
("2022-01-07","20:00:00","22:00:00",8,"12128900201",36,77,NULL,"20:15:00","ΜΕΤΡΗΤΑ"),
("2022-01-07","20:45:00","22:45:00",9,"12129900200",37,40,NULL,"20:45:00","ΚΑΡΤΑ");

DROP TABLE IF EXISTS ERGAZOMENOS;
CREATE TABLE ERGAZOMENOS (
	amka integer not null,
	firstname string,
	lastname string,
	thlefwno string,
	PRIMARY KEY("amka")
);
-- Είσοδος δεδομένων πίνακα ERGAZOMENOS
insert into ERGAZOMENOS (amka,firstname,lastname,thlefwno)
values
("12129900200","ΓΙΩΡΓΟΣ","ΜΑΝΘΑΤΗ","6911111111"),
("12129700200","ΝΙΚΟΛΑΟΣ","ΛΙΒΑΝΗΣ","6911111112"),
("12128900201","ΠΑΥΚΟΣ","ΣΚΟΠΕΛΙΤΗ","6911111113"),
("11128900250","ΝΙΚΟΣ","ΑΝΔΡΕΟΥ","6911111114"),
("23059700200","ΔΗΜΗΤΡΗΣ","ΝΙΚΟΛΑΟΥ","6911111115"),
("21059600350","ΘΑΝΑΣΗΣ","ΚΟΝΤΩΝΗΣ","6911111116"),
("12056600650","ΒΕΦΑ","ΒΑΣΙΛΕΙΑΔΟΥ","6911111117"),
("13068000789","ΕΚΤΟΡΑΣ","ΜΠΟΤΡΙΝΙ","6911111118"),
("15129400235","ΑΚΗΣ","ΠΕΤΡΕΤΖΙΚΗΣ","6911111119"),
("120566006544","ΜΑΡΙΑ","ΣΚΛΑΒΕΝΙΤΗ","6911111110"),
("13068000755","ΑΝΑΣΤΑΣΙΑ","ΜΑΡΙΝΟΠΟΥΛΟΥ","6911111120"),
("15129400266","ΕΛΕΝΗ","ΤΡΙΑΝΤΑΦΥΛΛΟΥ","6911111121");

DROP TABLE IF EXISTS SERVITOROS;
CREATE TABLE SERVITOROS (
	id_ergazomenou integer not null,
	posto string,
	PRIMARY KEY("id_ergazomenou")
);
-- Είσοδος δεδομένων πίνακα SERVITOROS
insert into SERVITOROS(id_ergazomenou,posto)
values
("12129900200","ΣΕΡΒΙΤΟΡΟΣ"),
("12129700200","ΣΕΡΒΙΤΟΡΟΣ"),
("12128900201","ΣΕΡΒΙΤΟΡΟΣ"),
("11128900250","ΒΟΗΘΟΣ ΣΕΡΒΙΤΟΡΟΥ"),
("23059700200","ΒΟΗΘΟΣ ΣΕΡΒΙΤΟΡΟΥ"),
("21059600350","ΒΟΗΘΟΣ ΣΕΡΒΙΤΟΡΟΥ"),
("15129400266","ΒΟΗΘΟΣ ΣΕΡΒΙΤΟΡΟΥ");

DROP TABLE IF EXISTS YPALLHLOS_KOYZINAS;
CREATE TABLE YPALLHLOS_KOYZINAS (
	id_ergazomenou integer not null,
	posto string,
	PRIMARY KEY("id_ergazomenou")
);
-- Είσοδος δεδομένων πίνακα YPALLHLOS_KOYZINAS
insert into YPALLHLOS_KOYZINAS(id_ergazomenou,posto)
values
("12056600650","ΣΕΦ"),
("13068000789","ΒΟΗΘΟΣ ΣΕΦ"),
("15129400235","ΣΕΦ"),
("120566006544","ΒΟΗΘΟΣ ΣΕΦ"),
("13068000755","ΣΟΥ ΣΕΦ");

DROP TABLE IF EXISTS PROIONTA;
CREATE TABLE PROIONTA (
	id_proiontos integer not null,
	id_promitheias integer,
	id_katigorias integer,
	onoma string,
	posotita float,
	PRIMARY KEY("id_proiontos")
);
--Είσοδος δεδομένων πίνακα PROIONTA
insert into PROIONTA(id_proiontos,id_promitheias,id_katigorias,onoma,posotita)
values
(1,1,6,"ΜΠΡΙΖΟΛΑ ΧΟΙΡΙΝΗ",20),
(2,2,6,"ΜΠΡΙΖΟΛΑ ΜΟΣΧΑΡΙΣΙΑ",20),
(3,3,6,"ΛΟΥΚΑΝΙΚΑ",20),
(4,4,7,"ΓΑΥΡΟΣ",20),
(5,5,7,"ΑΘΕΡΙΝΑ",20),
(6,6,7,"ΛΑΥΡΑΚΙ",20),
(7,7,7,"ΓΑΡΙΔΕΣ",20),
(8,8,7,"ΣΟΛΩΜΟΣ",20),
(9,9,10,"ΑΥΓΑ",20),
(10,1,8,"ΓΑΛΑ",20),
(11,2,8,"ΚΡΕΜΑ ΓΑΛΑΚΤΟΣ",20),
(12,3,8,"ΤΥΡΙ ΦΕΤΑ",20),
(13,4,8,"ΤΥΡΙ ΤΡΙΜΜΕΝΟ",20),
(14,5,1,"SPAGGETI",20),
(15,6,1,"ΠΕΝΝΕΣ",20),
(16,7,1,"ΡΥΖΙ",20),
(17,8,2,"ΝΤΟΜΑΤΑ",20),
(18,9,2,"ΛΑΧΑΝΟ",20),
(19,1,2,"ΚΡΕΜΜΥΔΙ",20),
(20,2,2,"ΜΑΡΟΥΛΙ",20),
(21,3,2,"ΣΠΑΝΑΚΙ",20),
(22,4,2,"ΠΙΠΕΡΙΕΣ",20),
(23,5,2,"ΛΟΛΑ",20),
(24,6,2,"ΑΓΓΟΥΡΙ",20),
(25,7,9,"ΣΟΚΟΛΑΤΑ",20),
(26,8,9,"ΖΑΧΑΡΗ",20),
(27,9,9,"ΚΡΕΜΑ",20),
(28,1,9,"ΜΠΙΣΚΟΤΑ",20),
(29,2,9,"ΠΑΓΩΤΟ",20),
(30,3,9,"ΒΑΣΗ ΤΑΡΤΑΣ",20),
(31,4,3,"ΒΥΣΣΙΝΟ",20),
(32,5,2,"ΡΟΚΑ",20),
(33,6,6,"ΚΟΤΟΠΟΥΛΟ",20),
(34,7,11,"ΛΑΔΙ",20),
(35,8,2,"ΠΑΤΑΤΑ",20),
(36,9,2,"ΜΑΝΙΤΑΡΙΑ",20),
(37,1,9,"ΠΑΝΤΕΣΠΑΝΙ",20),
(38,2,12,"SOL 330 ml",20),
(39,3,12,"AMSTEL DARK",20),
(40,4,12,"ΜΑΜΟΣ",20),
(41,5,12,"ΝΕΡΟ 500ml",20),
(42,6,12,"COCA COLA 330 ml",20),
(43,7,12,"ΚΡΑΣΙ ΛΕΥΚΟ 750ml",20),
(44,8,12,"ΚΡΑΣΙ ΚΟΚΚΙΝΟ 750ml",20);

DROP TABLE IF EXISTS PIATO_HAS_PROIONTA;
CREATE TABLE PIATO_HAS_PROIONTA (
	id integer not null,
	id_piato integer,
	id_proiontos integer,
	posotita float,
	PRIMARY KEY("id")
);
--Είσοδος δεδομένων πίνακα PIATO_HAS_PROIONTA
insert into PIATO_HAS_PROIONTA(id,id_piato,id_proiontos,posotita)
values
(1,1,17,1),
(2,1,19,1),
(3,1,12,1),
(4,1,24,1),
(5,1,34,1),
(6,1,22,1),
(7,2,20,1),
(8,2,18,1),
(9,2,9,1),
(10,3,32,1),
(11,3,21,1),
(12,3,34,1),
(13,4,18,1),
(14,4,19,1),
(15,4,20,1),
(16,4,21,1),
(17,4,23,1),
(18,4,34,1),
(19,5,18,1),
(20,5,19,1),
(21,5,20,1),
(22,5,21,1),
(23,5,23,1),
(24,5,34,1),
(25,5,33,1),
(26,6,16,1),
(27,6,22,1),
(28,6,13,1),
(29,6,11,1),
(30,7,33,1),
(31,7,11,1),
(32,7,13,1),
(33,7,14,1),
(34,8,1,1),
(35,8,35,1),
(36,9,35,1),
(37,9,2,1),
(38,10,35,1),
(39,10,8,1),
(40,11,35,1),
(41,11,1,1),
(42,11,2,1),
(43,11,3,1),
(44,12,35,1),
(45,12,4,1),
(46,12,5,1),
(47,12,6,1),
(48,12,7,1),
(49,12,8,1),
(50,13,15,1),
(51,13,11,1),
(52,13,36,1),
(53,13,22,1),
(54,14,30,1),
(55,14,27,1),
(56,14,31,1),
(57,15,25,1),
(58,15,28,1),
(59,16,37,1),
(60,16,27,1),
(61,16,31,1),
(62,17,25,1),
(63,17,26,1),
(64,17,11,1),
(65,18,25,1),
(66,18,26,1),
(67,18,11,1),
(68,18,29,1),
(69,19,38,1),
(70,20,39,1),
(71,21,40,1),
(72,22,41,1),
(73,23,42,1),
(74,24,43,1),
(75,25,43,1),
(76,26,44,1),
(77,27,44,1);

DROP TABLE IF EXISTS KATHGORIA_PIATOY;
CREATE TABLE KATHGORIA_PIATOY (
	id_katigorias integer not null,
	onoma string,
	PRIMARY KEY("id_katigorias")
);
--Είσοδος δεδομένων πίνακα KATHGORIA_PIATOY
insert into KATHGORIA_PIATOY(id_katigorias,onoma)
values
(0,"ΠΟΤΟ"),
(1,"ΟΡΕΚΤΙΚΟ"),
(2,"ΚΥΡΙΩΣ"),
(3,"ΓΛΥΚΟ");
DROP TABLE IF EXISTS KATHGORIA_PROIONTOS;
CREATE TABLE KATHGORIA_PROIONTOS (
	id_katigorias integer not null,
	onoma string,
	PRIMARY KEY("id_katigorias")
);
--Είσοδος δεδομένων πίνακα KATHGORIA_PROIONTOS
insert into KATHGORIA_PROIONTOS(id_katigorias,onoma)
values
(1,"ΖΥΜΑΡΙΚΑ"),
(2,"ΛΑΧΑΝΙΚΑ"),
(3,"ΦΡΟΥΤΑ"),
(4,"ΟΣΠΡΙΑ"),
(5,"ΚΡΑΣΙΑ"),
(6,"ΚΡΕΑΤΙΚΑ"),
(7,"ΘΑΛΑΣΣΙΝΑ"),
(8,"ΓΑΛΑΚΤΟΚΟΜΙΚΑ"),
(9,"ΕΙΔΗ ΖΑΧΑΡΟΠΛΑΣΤΕΙΟΥ"),
(10,"ΑΥΓΑ"),
(11,"ΛΑΔΙ"),
(12,"ΠΟΤΑ/ΝΕΡΟ");

DROP TABLE IF EXISTS PROMITHEIA;
CREATE TABLE PROMITHEIA (
	id_promitheias integer not null,
	axia float,
	prom_afm integer,
	PRIMARY KEY("id_promitheias")
);
--Είσοδος δεδομένων πίνακα PROMITHEIA
insert into PROMITHEIA(id_promitheias,axia,prom_afm)
values
(1,50,123456789),
(2,100,123556789),
(3,50,553456789),
(4,100,123456755),
(5,50,111456789),
(6,100,666456789),
(7,50,123456999),
(8,100,123456789),
(9,50,123556789);

DROP TABLE IF EXISTS PROMITHEYTHS;
CREATE TABLE PROMITHEYTHS (
	afm integer not null,
	onoma string,
	thlefwno string,
	email string,
	PRIMARY KEY("afm")
);
--Είσοδος δεδομένων πίνακα PROMITHEYTHS
insert into PROMITHEYTHS(afm,onoma,thlefwno,email)
values
(123456789,"ΓΕΩΡΓΙΟΥ","6981199565","x@email.com"),
(123556789,"ΚΑΝΕΛΛΟΠΟΥΛΟΣ","6980199445","y@email.com"),
(553456789,"ΠΑΡΑΣΚΕΥΟΠΟΥΛΟΣ","6908199565","z@email.com"),
(123456755,"ΤΕΡΖΟΠΟΥΛΟΣ","6980144465","t@email.com"),
(111456789,"ΝΕΩΦΩΤΙΣΤΟΣ","6910899565","n@email.com"),
(666456789,"ΛΟΥΜΙΤΗΣ","6930199565","lo@email.com"),
(123456999,"ΔΗΜΗΤΡΙΟΥ","6985199565","dh@email.com");

DROP TABLE IF EXISTS TOPOTHESIA;
CREATE TABLE TOPOTHESIA (
	id_topothesia integer not null,
	onoma string,
	PRIMARY KEY("id_topothesia")
);
-- Είσοδος δεδομένων πίνακα TOPOTHESIA
insert into TOPOTHESIA (id_topothesia,onoma)
values
(1,"ΣΑΛΟΝΙ_ΚΕΝΤΡΟ"),
(2,"ΣΑΛΟΝΙ_ΠΑΡΑΘΥΡΟ"),
(3,"ΒΕΡΑΝΤΑ"),
(4,"ΕΞΩΤΕΡΙΚΟΣ_ΧΩΡΟΣ");

DROP TABLE IF EXISTS PARAGGELIA_HAS_PIATA;
CREATE TABLE PARAGGELIA_HAS_PIATA (
	id integer not null,
	id_paraggelias integer,
	id_piato integer,
	time_serve boolean,
	PRIMARY KEY("id")
);
--Είσοδος δεδομένων πίνακα PARAGGELIA_HAS_PIATA
insert into PARAGGELIA_HAS_PIATA(id,id_paraggelias,id_piato,time_serve)
values
(1,1,1,1),
(2,1,8,1),
(3,1,8,1),
(4,1,14,1),
(5,1,15,1),
(6,1,24,1),
(7,2,2,1),
(8,2,3,1),
(9,2,7,1),
(10,2,9,1),
(11,2,16,1),
(12,2,16,1),
(13,2,23,1),
(14,2,23,1),
(15,3,1,1),
(16,3,2,1),
(17,3,6,1),
(18,3,6,1),
(19,3,10,1),
(20,3,14,1),
(21,3,18,1),
(22,3,19,1),
(23,3,20,1),
(24,3,21,1),
(25,4,3,1),
(26,4,4,1),
(27,4,11,1),
(28,4,11,1),
(29,4,20,1),
(30,4,20,1),
(31,4,21,1),
(32,4,22,1),
(33,4,23,1),
(34,5,4,1),
(35,5,5,1),
(36,5,11,1),
(37,5,12,1),
(38,5,15,1),
(39,5,15,1),
(40,5,16,1),
(41,5,18,1),
(42,5,19,1),
(43,5,19,1),
(44,5,22,1),
(45,5,23,1),
(46,5,27,1),
(47,6,1,1),
(48,6,3,1),
(49,6,6,1),
(50,6,7,1),
(51,6,7,1),
(52,6,9,1),
(53,6,10,1),
(54,6,14,1),
(55,6,15,1),
(56,6,24,1),
(57,6,26,1),
(58,7,22,1),
(59,7,25,1),
(60,7,25,1),
(61,7,27,1),
(62,7,27,1),
(63,8,16,1),
(64,8,17,1),
(65,8,22,1),
(66,9,2,1),
(67,9,4,1),
(68,9,5,1),
(69,9,8,1),
(70,9,9,1),
(71,9,11,1),
(72,9,19,1),
(73,9,19,1),
(74,9,20,1),
(75,9,21,1),
(76,9,21,1),
(77,9,22,1),
(78,9,22,1),
(79,10,1,1),
(80,10,1,1),
(81,10,5,1),
(82,10,8,1),
(83,10,11,1),
(84,10,11,1),
(85,10,14,1),
(86,10,15,1),
(87,10,19,1),
(88,10,19,1),
(89,10,22,1),
(90,10,22,1),
(91,11,2,1),
(92,11,11,1),
(93,11,15,1),
(94,11,17,1),
(95,11,22,1),
(96,11,26,1),
(97,12,1,1),
(98,12,3,1),
(99,12,6,1),
(100,12,7,1),
(101,12,9,1),
(102,12,20,1),
(103,12,20,1),
(104,12,21,1),
(105,12,22,1),
(106,13,3,1),
(107,13,5,1),
(108,13,11,1),
(109,13,11,1),
(110,13,22,1),
(111,13,24,1),
(112,14,5,1),
(113,14,6,1),
(114,14,7,1),
(115,14,8,1),
(116,14,19,1),
(117,14,20,1),
(118,14,21,1),
(119,14,22,1),
(120,15,20,1),
(121,15,20,1),
(122,15,21,1),
(123,15,22,1),
(124,16,14,1),
(125,16,16,1),
(126,16,22,1),
(127,17,1,1),
(128,17,2,1),
(129,17,6,1),
(130,17,7,1),
(131,17,9,1),
(132,17,10,1),
(133,17,22,1),
(134,17,25,1),
(135,17,25,1),
(136,17,27,1),
(137,17,27,1),
(138,18,3,1),
(139,18,5,1),
(140,18,11,1),
(141,18,12,1),
(142,18,13,1),
(143,18,22,1),
(144,18,24,1),
(145,18,24,1),
(146,19,1,1),
(147,19,8,1),
(148,19,14,1),
(149,19,21,1),
(150,19,22,1),
(151,20,2,1),
(152,20,3,1),
(153,20,5,1),
(154,20,11,1),
(155,20,11,1),
(156,20,12,1),
(157,20,22,1),
(158,20,23,1),
(159,20,23,1),
(160,20,24,1),
(161,20,26,1),
(162,21,14,1),
(163,21,14,1),
(164,21,15,1),
(165,21,16,1),
(166,21,17,1),
(167,21,22,1),
(168,22,2,1),
(169,22,7,1),
(170,22,8,1),
(171,22,22,1),
(172,22,24,1),
(173,23,14,1),
(174,23,15,1),
(175,23,15,1),
(176,23,16,1),
(177,23,16,1),
(178,23,16,1),
(179,23,18,1),
(180,23,22,1),
(181,23,22,1),
(182,24,1,1),
(183,24,6,1),
(184,24,8,1),
(185,24,14,1),
(186,24,15,1),
(187,24,19,1),
(188,24,19,1),
(189,25,1,1),
(190,25,2,1),
(191,25,6,1),
(192,25,7,1),
(193,25,8,1),
(194,25,10,1),
(195,25,19,1),
(196,25,19,1),
(197,25,21,1),
(198,25,21,1),
(199,25,22,1),
(200,26,19,1),
(201,26,19,1),
(202,26,22,1),
(203,27,2,1),
(204,27,11,1),
(205,27,11,1),
(206,27,16,1),
(207,27,16,1),
(208,27,16,1),
(209,27,24,1),
(210,28,1,1),
(211,28,1,1),
(212,28,3,1),
(213,28,6,1),
(214,28,6,1),
(215,28,8,1),
(216,28,8,1),
(217,28,9,1),
(218,28,19,1),
(219,28,19,1),
(220,28,19,1),
(221,28,19,1),
(222,28,19,1),
(223,29,1,1),
(224,29,1,1),
(225,29,3,1),
(226,29,7,1),
(227,29,8,1),
(228,29,9,1),
(229,29,9,1),
(230,29,10,1),
(231,29,14,1),
(232,29,14,1),
(233,29,14,1),
(234,29,16,1),
(235,29,16,1),
(236,29,19,1),
(237,29,19,1),
(238,29,19,1),
(239,29,20,1),
(240,29,20,1),
(241,29,22,1),
(242,29,22,1),
(243,30,19,1),
(244,30,19,1),
(245,30,21,1),
(246,30,21,1),
(247,30,22,1),
(248,30,22,1),
(249,31,1,1),
(250,31,1,1),
(251,31,2,1),
(252,31,2,1),
(253,31,6,1),
(254,31,8,1),
(255,31,8,1),
(256,31,8,1),
(257,31,14,1),
(258,31,14,1),
(259,31,14,1),
(260,31,14,1),
(261,31,20,1),
(262,31,20,1),
(263,31,20,1),
(264,31,20,1),
(265,32,1,1),
(266,32,1,1),
(267,32,11,1),
(268,32,11,1),
(269,32,14,1),
(270,32,14,1),
(271,32,16,1),
(272,32,16,1),
(273,32,19,1),
(274,32,19,1),
(275,32,19,1),
(276,32,19,1),
(277,32,22,1),
(278,32,22,1),
(279,33,1,1),
(280,33,1,1),
(281,33,8,1),
(282,33,8,1),
(283,33,8,1),
(284,33,8,1),
(285,33,14,1),
(286,33,14,1),
(287,33,16,1),
(288,33,16,1),
(289,33,19,1),
(290,33,19,1),
(291,33,22,1),
(292,33,22,1),
(293,33,20,1),
(294,33,20,1),
(295,34,1,1),
(296,34,6,1),
(297,34,8,1),
(298,34,14,1),
(299,34,16,1),
(300,35,1,1),
(301,35,5,1),
(302,35,14,1),
(303,35,19,1),
(304,35,22,1),
(305,36,1,1),
(306,36,1,1),
(307,36,5,1),
(308,36,8,1),
(309,36,10,1),
(310,36,11,1),
(311,36,15,1),
(312,36,15,1),
(313,36,18,1),
(314,36,22,1),
(315,36,22,1),
(316,37,1,1),
(317,37,6,1),
(318,37,13,1),
(319,37,19,1),
(320,37,19,1),
(321,37,22,1);
COMMIT;
